Region,Organization,Person,Title,LinkedIn,X,GitHub,NHS Wales email,Stakeholder engagement notes,Tone advice,Source URL
Wales,Aneurin Bevan UHB,Nicola Prygodzicz,CEO,https://www.linkedin.com/in/nicola-prygodzicz-3528bb113,https://x.com/CEOabuhb,,,"Active on X as @CEOabuhb. | Ex-Executive Director of Planning, Digital and IT. | Speaks tech fluently. | Led Grange/Clinical Futures opening.","Speaks tech fluently — lead with specifics, skip the NHS-jargon translation layer. | Reference Clinical Futures / Grange opening as precedent; she ran it.",https://github.com/joelparkerhenderson/leaders/blob/main/health/united-kingdom-national-health-service-wales/leaders.yml
Wales,Aneurin Bevan UHB,Andrew Morgan OBE,Chair (non-executive),,https://x.com/AndrewMorganRCT,,,"Took up Chair role 5 May 2026, replacing Ann Lloyd; selected as preferred candidate Feb 2026, confirmed by Senedd pre-appointment scrutiny. | X handle pre-dates his ABUHB chairship — long-standing political account from his RCT Council leadership. | Leader of Rhondda Cynon Taf Council for 12 years and Leader of the Welsh Local Government Association (WLGA) since 2019 — deeply networked across Welsh local government and Welsh Government. | Brings council-leader instincts on social-care interface, housing, and regional partnership — expect emphasis on Gwent Regional Partnership Board and place-based care. | Brand-new in post (mid-2026) — receptive window for clearly-framed propositions that respect his place-based / partnership lens. | Pair any approach with CEO Nicola Prygodzicz and Paul Solloway; Morgan unlikely to engage cold on digital.","Lead with place-based / partnership framing — Gwent Regional Partnership Board, social-care interface, housing. | Don't approach cold on digital — route via CEO Prygodzicz and Director of Digital Solloway.",https://github.com/joelparkerhenderson/leaders/blob/main/health/united-kingdom-national-health-service-wales/leaders.yml
Wales,Aneurin Bevan UHB,Dr Seema Srivastava MBE,Executive Medical Director,https://www.linkedin.com/in/seema-srivastava-mbe-94018880,,,,"MBE (2018) for services to NHS patient safety. | Ex-Deputy Medical Director & Caldicott Guardian at University Hospitals Bristol and Weston (UHBW). | Clinical Lead for the first COVID vaccination site in Bristol/North Somerset/South Gloucestershire — passion for tackling health inequalities. | MSc Distinction in Leadership in Healthcare (Quality Improvement), Ashridge; Generation Q Health Foundation Fellow. | Strong angle: patient-safety, QI, digital inclusion for underserved groups.","Frame around patient safety, QI methodology and health-inequality reduction for underserved groups. | Avoid generic transformation talk — she expects QI rigour and inclusion data.",https://github.com/joelparkerhenderson/leaders/blob/main/health/united-kingdom-national-health-service-wales/leaders.yml
Wales,Aneurin Bevan UHB,Jennifer Winslade,Executive Director of Nursing,https://www.linkedin.com/in/jennifer-winslade-a858aa67/,,,,"Qualified 1991; intensive care + acute background; trained District Nurse and Health Visitor; BSc Community Nursing King's College London; MA Professional Practice. | Two years working in the USA early career — unusual transatlantic exposure for an NHS exec nurse. | 15+ years as Director of Nursing across English commissioning (one of the largest CCGs), an English ambulance service, and community services before joining ABUHB. | Joined ABUHB c.2023; explicit focus on quality management and organisational improvement. | RCN Wales wrote to her jointly with CEO Prygodzicz on corridor care (Jan 2025) — corridor care, safer staffing and quality are live issues for her. | Hook: digital tools for community/district nursing, safer-staffing analytics, quality dashboards — community-services pedigree makes her receptive to non-acute digital propositions.","Community / district-nursing digital framing lands; address corridor care and safer staffing head-on. | Avoid acute-only framing — her instincts are community and commissioning, not the acute floor.",https://github.com/joelparkerhenderson/leaders/blob/main/health/united-kingdom-national-health-service-wales/leaders.yml
Wales,Aneurin Bevan UHB,Paul Solloway,Director of Digital,https://www.linkedin.com/in/paul-solloway-8654871a/,,,,"Appointed Director of Digital, ABUHB, June 2023. | Also Director of Digital for the South East Wales Regional Partnership — regional gateway, not just ABUHB. | MSc Health Informatics, Swansea University; ex-Hywel Dda (west-Wales perspective). | Active on LinkedIn — engages publicly with recruitment, vendor, and team posts. | Dual role makes him a high-leverage contact for regional digital programmes.","Engage on LinkedIn first; pitches that scale across the SE Wales Regional Partnership go further than ABUHB-only ones. | Don't ignore his regional dual-role — treating him as ABUHB-only undersells the gateway.",https://github.com/joelparkerhenderson/leaders/blob/main/health/united-kingdom-national-health-service-wales/leaders.yml
Wales,Aneurin Bevan UHB,Robert Holcombe,Executive Director of Finance and Procurement,,,,,"FCCA (Fellow of ACCA), Masters in Management Accounting — NOT a CIPFA accountant, so frame business cases in commercial/ROI language rather than public-sector cost-recovery jargon. | Started NHS career 1990 with South Glamorgan Health Authority; ex-Finance Director of Blaenau Gwent LHB and of an acute hospital in Saudi Arabia — unusual international healthcare experience. | Attended Harvard Business School Value-Based Healthcare programme — ABUHB is a UK beacon for VBHC, and Holcombe owns the finance side of that story; pitch outcomes / cost-per-outcome. | Welsh representative on HFMA's National Policy & Research Committee — visible and networked nationally with English NHS finance leaders. | Engagement context Dec 2025: ABUHB escalated to enhanced monitoring (one level below Special Measures) — finance recovery is now Holcombe's dominant agenda. | Hook: digital investments tied to measurable patient outcomes / unit costs (VBHC framing) land far better than feature-led pitches.","Use outcomes / unit-cost / VBHC language; he attended Harvard's VBHC programme and owns the finance side of ABUHB's VBHC story. | Don't lead with CIPFA cost-recovery jargon — he is FCCA, commercial, ROI-minded.",https://github.com/joelparkerhenderson/leaders/blob/main/health/united-kingdom-national-health-service-wales/leaders.yml
Wales,Betsi Cadwaladr UHB,Carol Shillabeer,CEO,https://uk.linkedin.com/in/carol-shillabeer-4456666b,,,,"Registered nurse by background; entered NHS Wales exec ranks via Powys (Director of Nursing 2009, then CEO 2015-2023). | Stepped in as Interim CEO of BCUHB May 2023 after Welsh Government re-imposed Special Measures; confirmed substantively Jan 2024. | Inherits Level 5 escalation — finance, governance and clinical quality recovery is her near-term agenda; £82m Welsh Government transformation grant contingent on financial grip. | Powys/rural background means she understands Mid/North Wales geography and the dependency on cross-border English providers (Robert Jones & Agnes Hunt, Countess of Chester). | Keeps Dylan Roberts (CDIO) very visible — pair him in any digital outreach rather than approaching her cold. | Hook: reduce unwarranted variation, RTT backlog, or 'drag' on patient flow — she frames recovery in those terms.","Frame around variation reduction, RTT backlog and 'drag' on patient flow — her own language. | Pair Dylan Roberts in any digital outreach; cold-pitching her directly will land worse.",https://github.com/joelparkerhenderson/leaders/blob/main/health/united-kingdom-national-health-service-wales/leaders.yml
Wales,Betsi Cadwaladr UHB,Dyfed Edwards,Chair (non-executive),,,,,"Interim Chair from Feb 2023 when the board was stood down; substantively appointed 30 Jan 2024 for four-year term. | Former Leader of Gwynedd Council (2008-2017); Welsh Local Politician of the Year 2009; ex VP of WLGA. | Independent Member on Public Health Wales Board since April 2018; Deputy Chair of Welsh Revenue Authority. | Fluent Welsh speaker and primarily Welsh-language-medium leader — Welsh-medium engagement is meaningful to him. | Public-sector / local-government instincts — frames strategy around population, prevention and council partnerships, not acute metrics. | Hook: regional integration with North Wales councils, prevention and population-health programmes, Welsh-language patient-facing services.","Welsh-medium engagement is meaningful; lead with population, prevention and council partnerships. | Avoid acute-hospital-metrics framing — not his register; he is a place-based politician.",https://github.com/joelparkerhenderson/leaders/blob/main/health/united-kingdom-national-health-service-wales/leaders.yml
Wales,Betsi Cadwaladr UHB,Dylan Roberts,Chief Digital and Information Officer,https://www.linkedin.com/in/dylan-roberts-41a5a34,,,,"UK CIO 100 top ten three years running. | Built the Leeds Care Record. | Far more visible on LinkedIn than CEO Carol Shillabeer. | If your offering is digital, target Dylan over the CEO.","He is the digital target, not the CEO. Engage him on LinkedIn; cite the Leeds Care Record as common ground. | Don't treat him as a Welsh insider — he brings English ICS instincts and benchmarks against England.",https://github.com/joelparkerhenderson/leaders/blob/main/health/united-kingdom-national-health-service-wales/leaders.yml
Wales,Betsi Cadwaladr UHB,Dr Clara Day,Executive Medical Director,https://www.linkedin.com/in/clara-day-449a0923,,,,"Joined BCUHB end-September 2025 from NHS Birmingham and Solihull ICB (CMO there from May 2022). | Consultant renal physician at University Hospitals Birmingham since 2008. | PhD Immunology, University of Birmingham; Health Foundation Generation Q Fellow. | BCUHB is in special-measures level 5 — quality, governance, and clinical leadership are her primary focus. | New in post — receptive window while she is setting agenda.","New in post — receptive window. Frame around clinical leadership, governance and quality recovery from Level 5. | Don't ignore the Level 5 special-measures context — she is there to fix it, not innovate around it.",https://github.com/joelparkerhenderson/leaders/blob/main/health/united-kingdom-national-health-service-wales/leaders.yml
Wales,Betsi Cadwaladr UHB,Angela Wood,Executive Director of Nursing and Midwifery,,,,,"Joined BCUHB 1 August 2022; remains in post. | Previously Director of Nursing, Quality and Leadership for NHS England / NHS Improvement North East and Yorkshire region — brings English NHSE governance discipline into a Welsh setting. | Earlier career at Rotherham NHS FT and Northern Lincolnshire and Goole NHS FT; Deputy Director of Nursing at the Walton Centre NHS FT (2013-2017) — neurosciences/specialist tertiary exposure. | Quality, professional standards and corridor-care recur in her published statements; RCN Wales corresponds with her on safe-staffing. | Hook: digital nursing workflows, e-rostering, electronic care records, safer-staffing tooling — sits exactly in her remit in a Level 5 board.","Frame around nursing workflow, e-rostering and safer staffing; English NHSE language is fine here. | Don't pitch in ways that ignore corridor care and Level 5 staffing pressure.",https://github.com/joelparkerhenderson/leaders/blob/main/health/united-kingdom-national-health-service-wales/leaders.yml
Wales,Betsi Cadwaladr UHB,Paolo Tardivel,Interim Executive Director of Strategic Planning and Transformation,,,,,"Took Interim Exec Director role March 2025; previously BCUHB's Director of Transformation and Improvement. | Authored 'The Betsi Way' improvement methodology and co-ordinated the board-wide response to Level 5 Escalation / Special Measures. | Non-NHS background: senior leadership at Openreach and BT — predictive analytics, operations, customer experience, commercial strategy. Rare commercial profile on a Welsh exec team. | Owns the strategic-planning narrative around the £82m Welsh Government transformation grant — high-leverage if you want spend committed against a programme. | Hook: anything framed as 'patient flow', 'removing waste', or 'operations analytics'; natural counterpart for Dylan Roberts on transformation-meets-digital propositions.","Speak commercial: 'patient flow', 'removing waste', 'operations analytics'. Cite the £82m transformation grant. | Avoid NHS bureaucratic language — he is ex-Openreach, the rare commercial brain on the board.",https://github.com/joelparkerhenderson/leaders/blob/main/health/united-kingdom-national-health-service-wales/leaders.yml
Wales,Betsi Cadwaladr UHB,Russell Caldicott,Executive Director of Finance,,,,,"Joined BCUHB as Interim Executive Director of Finance July 2023; substantively appointed January 2025 — came in immediately after Sue Hill's leave of absence and the EY report into finance failings. | Qualified accountant, FCCA, 25+ years of NHS experience, University of Birmingham graduate; NOT a CIPFA accountant. | English NHS career: 8 years CFO at Walsall Healthcare NHS Trust; senior roles at University Hospitals of North Staffordshire and Sandwell — brings English-NHS-trust financial discipline. | Ex board member of West Midlands HFMA — networked into Midlands finance community, not Welsh-trained. | Special Measures Level 5 context: deficit reduction is conditional on unlocking the £82m Welsh Government transformation grant — finance recovery is THE story through 2025-26. | Sue Hill left Dec 2024 without settlement after the EY report on 'systematic cultural failings' in BCUHB finance — Caldicott is as much culture/governance rebuilder as numbers person.","Frame around financial controls, audit trail and transparency — culture rebuild, not just spend reduction. | Don't imply workarounds or weak controls — he came in after the EY 'systematic cultural failings' report.",https://github.com/joelparkerhenderson/leaders/blob/main/health/united-kingdom-national-health-service-wales/leaders.yml
Wales,Cardiff and Vale UHB,Suzanne Rankin,CEO,https://www.linkedin.com/in/suzanne-rankin-2a277028,https://x.com/SuzRankin,,,"Wales' first CEO Research Champion. | HSJ CEO-interviewed. | Building Cardiff Health Partners (Cardiff Uni + CAV + Velindre).","Frame around research, Cardiff Health Partners (Cardiff Uni + CAV + Velindre) and the CEO Research Champion remit. | Avoid pitches that ignore the academic-NHS-commercial triangle — it is her flagship.",https://github.com/joelparkerhenderson/leaders/blob/main/health/united-kingdom-national-health-service-wales/leaders.yml
Wales,Cardiff and Vale UHB,Charles Janczewski,Chair (non-executive),,,,,"Known as 'Jan'. | Confirmed Chair through 2025 (continues at 2025 AGM). | Former Executive Director of the Wales Board of Lloyds Bank Plc — financial-services / commercial background, unusual on a Welsh health board. | Previously independent business consultant across Wales and South-West England; Vice-Chair of CAV from 1 Oct 2017 to 30 Sept 2021 before promotion to Chair. | Brought up in Swansea; Honorary Professor at the College of Human and Health Sciences, Swansea University; chairs the governance board of the Health and Wellbeing Academy. | Hook: commercial discipline, financial sustainability, and the Cardiff Health Partners academic-NHS-Velindre alliance — comfortable with private-sector framing.","Commercial discipline and financial-services framing land; he is ex-Lloyds Bank Wales Board. | Avoid bureaucratic public-sector framing — he is comfortable with private-sector logic.",https://github.com/joelparkerhenderson/leaders/blob/main/health/united-kingdom-national-health-service-wales/leaders.yml
Wales,Cardiff and Vale UHB,Dr David Fluck,Executive Medical, Life Science and Precision Medicine Director,https://www.linkedin.com/in/david-fluck-a2511bab,,,,"Joined Cardiff & Vale October 2024 from Ashford and St Peter's Hospital NHS FT (Surrey). | 28 years at Ashford & St Peter's incl. Medical Director and interim CEO — strong governance background. | FRCP, MD; trained at St Bart's, Guy's, Hammersmith. | Role uniquely combines life science and precision medicine — research/innovation framing fits. | Pairs naturally with Suzanne Rankin's Cardiff Health Partners agenda.","Lead with research, life sciences, precision medicine — his role uniquely combines them. | Don't ignore the governance lens — 28 years at Ashford & St Peter's gives him strong controls instincts.",https://github.com/joelparkerhenderson/leaders/blob/main/health/united-kingdom-national-health-service-wales/leaders.yml
Wales,Cardiff and Vale UHB,Jason Roberts,Executive Nurse Director,,,,,"Appointed substantively 7 September 2022 after Interim period; previously Deputy Executive Nurse Director from 2018. | 30+ years' nursing experience — registered adult nurse 1993; clinical career consolidated in Accident & Emergency Medicine. | Joined CAV in 2016 as Director of Nursing for the Medicine Clinical Board. | Took over from Ruth Walker MBE (retired 2022; died July 2025) — significant nursing legacy at CAV; expect continuity on freedom-to-speak-up and patient experience. | Hook: A&E flow, medical-nursing workforce tooling, freedom-to-speak-up digital channels.","Frame around A&E flow, freedom-to-speak-up and patient experience — continuity from Ruth Walker's legacy. | Don't pitch in ways that disregard that legacy — he is custodian of it.",https://github.com/joelparkerhenderson/leaders/blob/main/health/united-kingdom-national-health-service-wales/leaders.yml
Wales,Cardiff and Vale UHB,David Thomas,Director of Digital & Health Intelligence,https://www.linkedin.com/in/david-thomas-5349b035/,,,,"Joined CAV January 2019; created the Digital & Health Intelligence directorate (IT + information). | SRO for the Welsh Government All Wales IT Infrastructure Programme — national leverage well beyond CAV. | Native Welsh speaker; NHS Leadership Academy Nye Bevan alum (2014). | 20+ years prior in central-London NHS commissioner/provider ICT strategy. | Cross-Wales infrastructure reach makes him a national stakeholder, not just CAV.","Native Welsh speaker; cross-Wales infrastructure framing lands — he is SRO for All Wales IT Infrastructure. | Don't pitch CAV-only — he is a national stakeholder; selling on CAV scope alone undersells him.",https://github.com/joelparkerhenderson/leaders/blob/main/health/united-kingdom-national-health-service-wales/leaders.yml
Wales,Cardiff and Vale UHB,Catherine Phillips,Executive Director of Finance,https://uk.linkedin.com/in/catherine-phillips-ba566926a,,,,"In post since March 2021; joined from North Bristol NHS Trust where she was Director of Finance, Planning and Commercial Development from 2013 — English acute-trust finance pedigree. | HFMA-affiliated — networked into UK-wide NHS finance community. | Portfolio Executive for the CAV Finance Committee and Portfolio Lead for the Audit Committee — high internal visibility on both spend and control. | North Bristol background means she's seen large PFI/private-finance and major-trauma acute economics — frame propositions in those terms (tertiary, specialist commissioning, capital planning). | CAV is a major capital programme host (Velindre new cancer centre interfaces) — capital-planning credibility matters. | Hook: commercial-development framing (her North Bristol title included 'Commercial Development'); more receptive than most Welsh finance directors to commercial / partnership / joint-venture structures.","Frame around commercial development, partnership and joint-venture — North Bristol pedigree. | Don't lead with traditional NHS unit-cost framing — she is unusually open to commercial structures.",https://github.com/joelparkerhenderson/leaders/blob/main/health/united-kingdom-national-health-service-wales/leaders.yml
